site,temp,ORP,DOC,NO3,NH4,Fe2,S2,DO,SO4,Cl,CH4,H2,CO2,CO,pH
D1,10.5,-68,0.468,0.3,0.06,2.32,0.006,0.025,393,15.8,7.752666666666668e-6,1.1927290000000002e-7,0.0228312144,5.5553166666666675e-6,7.277692307692308
D2,12,-100,0.393,0.3,0.03,0.31,0,0.054,84.8,18.5,5.8546e-6,1.4237152500000002e-7,0.0177526987875,4.936762500000001e-6,7.668333333333333
D3,16.1,-61,0.25,0.3,0.21,2.86,0.005,0.029,1800,17,6.875145e-5,2.6836402500000004e-7,0.09198200025,8.192925e-6,7.1306666666666665
D4,22.2,-200,0.244,1.1,1.36,0,0.582,0.031,315,23.7,7.189711272727273e-4,2.162489454545455e-7,0.013093975227272727,3.539445454545455e-6,8.305625000000001
D5,31.6,-149,0.316,0.7,0.48,0,0.254,0.015,186,21.3,3.45662e-4,1.9822820000000003e-7,0.004769901599999999,4.1392555555555555e-6,8.589375
D6,20.1,-198,0.286,0.3,0,1.47,0.013000000000000001,0,4110,213,0.00504135195,3.049018500000001e-7,0.002486565,2.5209000000000003e-6,8.219285714285714
